Date,Price
20141201,370
20141202,378
20141203,378
20141204,377.1
20141205,377.1
20141206,378
20141207,378
20141208,375
20141209,375
20141210,360.5
20141211,360.5
20141212,350
20141213,350
20141214,350
20141215,350
20141216,350
20141217,350
20141218,340
20141219,340
20141220,340
20141221,340
20141222,340
20141223,340
20141224,340
20141225,340
20141226,340
20141227,340
20141228,340
20141229,340
20141230,340
20141231,340
20150101,340
20150102,340
20150103,340
20150104,340
20150105,340
20150106,340
20150107,340
20150108,288.99
20150109,288.99
20150110,288.99
20150111,288.99
20150112,288.99
20150113,260
20150114,120
20150115,211.91
20150116,199.46
20150117,184
20150118,184
20150119,225.51
20150120,208
20150121,225.51
20150122,226.32
20150123,235
20150124,240
20150125,254.53
20150126,270
20150127,262.69
20150128,236.14
20150129,234.52
20150130,232.55
20150131,219
20150201,227
20150202,237.79
20150203,228.31
20150204,226.5
20150205,216
20150206,222.82
20150207,228.7
20150208,224.16
20150209,222.19
20150210,220.84
20150211,220.02
20150212,222.45
20150213,236.65
20150214,257.48
20150215,234
20150216,236.82
20150217,244
20150218,235.91
20150219,242.42
20150220,245.89
20150221,245.86
20150222,236.72
20150223,239.69
20150224,240.13
20150225,238.45
20150226,237.1
20150227,255.96
20150228,255.51
20150301,258.78
20150302,274.93
20150303,282.42
20150304,273.56
20150305,277.12
20150306,273.91
20150307,276.33
20150308,274.82
20150309,290.23
20150310,292.56
20150311,296.63
20150312,296.11
20150313,287
20150314,284.29
20150315,287.46
20150316,292.03
20150317,286.87
20150318,258.51
20150319,263.28
20150320,263.71
20150321,261.83
20150322,270
20150323,265.61
20150324,248.81
20150325,247
20150326,250.16
20150327,248.68
20150328,253.47
20150329,243.58
20150330,248.59
20150331,245.26
20150401,247.25
20150402,254.48
20150403,255.68
20150404,254.87
20150405,261.46
20150406,257.57
20150407,255.67
20150408,246.65
20150409,243.65
20150410,235.86
20150411,238.13
20150412,238.03
20150413,238.03
20150414,220.53
20150415,223.88
20150416,229.09
20150417,223.5
20150418,223.99
20150419,224.05
20150420,225.04
20150421,234.91
20150422,234
20150423,235.49
20150424,232.38
20150425,227.06
20150426,220.5
20150427,227.2
20150428,225.48
20150429,225.91
20150430,236.59
20150501,234.01
20150502,236.26
20150503,240.63
20150504,239.8
20150505,236.18
20150506,230.89
20150507,237.91
20150508,244.65
20150509,242.57
20150510,241.25
20150511,242.81
20150512,242.81
20150513,237.56
20150514,237.19
20150515,237.84
20150516,236.73
20150517,237.22
20150518,233.28
20150519,232.4
20150520,234.25
20150521,235.72
20150522,240.34
20150523,239.07
20150524,240.91
20150525,237.47
20150526,237.61
20150527,237.74
20150528,236.8
20150529,236.94
20150530,232.93
20150531,229.88
20150601,223.6
20150602,225.25
20150603,225.57
20150604,224.31
20150605,225.33
20150606,225.02
20150607,223.96
20150608,229.02
20150609,229.74
20150610,228.67
20150611,229.62
20150612,230.26
20150613,233.18
20150614,233.6
20150615,237.47
20150616,251.93
20150617,248.37
20150618,248.93
20150619,245.56
20150620,246.67
20150621,244.64
20150622,247.75
20150623,244.07
20150624,240.89
20150625,242.14
20150626,243
20150627,251.67
20150628,249.79
20150629,257.57
20150630,264.94
20150701,257.97
20150702,255.22
20150703,256.36
20150704,260.72
20150705,271.15
20150706,270.41
20150707,267.19
20150708,270.64
20150709,270.21
20150710,286.85
20150711,294.77
20150712,311.96
20150713,292.35
20150714,288.2
20150715,285.22
20150716,278.71
20150717,279.95
20150718,277.56
20150719,275.59
20150720,278.7
20150721,277.13
20150722,277.5
20150723,276.91
20150724,289.48
20150725,289.64
20150726,293.25
20150727,294.44
20150728,295.73
20150729,289.53
20150730,288.25
20150731,284.68
20150801,282.06
20150802,282.55
20150803,281.63
20150804,285.31
20150805,282.24
20150806,279.91
20150807,279.54
20150808,261.08
20150809,267.91
20150810,265.18
20150811,271.2
20150812,269.43
20150813,264.92
20150814,266.52
20150815,262.21
20150816,259.19
20150817,258.49
20150818,247.43
20150819,227.84
20150820,235.49
20150821,233.71
20150822,230.62
20150823,228.3
20150824,213.38
20150825,223.58
20150826,226.35
20150827,224.34
20150828,233.4
20150829,229.55
20150830,229.24
20150831,231.12
20150901,227.6
20150902,229.39
20150903,226.83
20150904,231.61
20150905,230.92
20150906,240.93
20150907,240.31
20150908,244.15
20150909,238.72
20150910,238.33
20150911,241.04
20150912,236.92
20150913,230.61
20150914,231.01
20150915,230.36
20150916,229.2
20150917,233.17
20150918,233.19
20150919,232.26
20150920,232.48
20150921,227
20150922,230.61
20150923,230.1
20150924,235.6
20150925,235.76
20150926,234.99
20150927,233.54
20150928,240.42
20150929,237.78
20150930,237.13
20151001,238.54
20151002,237.99
20151003,239.93
20151004,239.76
20151005,240.7
20151006,246.83
20151007,243.64
20151008,243.38
20151009,244.46
20151010,246.06
20151011,248.9
20151012,246.29
20151013,250.37
20151014,253.22
20151015,254.64
20151016,263
20151017,271.35
20151018,264.53
20151019,264.81
20151020,271.14
20151021,269.16
20151022,275.92
20151023,278.07
20151024,284
20151025,288.97
20151026,286.75
20151027,295.88
20151028,303.75
20151029,315.68
20151030,329.97
20151031,314.6
20151101,331.71
20151102,363.97
20151103,399.49
20151104,398.09
20151105,384.2
20151106,371.37
20151107,386.7
20151108,373.91
20151109,381
20151110,338.46
20151111,307.54
20151112,336.19
20151113,335
20151114,333.49
20151115,321.13
20151116,332.1
20151117,336
20151118,336.59
20151119,325.5
20151120,321.85
20151121,325.22
20151122,323.59
20151123,323.01
20151124,319.49
20151125,328.07
20151126,356.88
20151127,359.99
20151128,355.94
20151129,371.04
20151130,378.23
20151201,362.56
20151202,360.23
20151203,361.33
20151204,363.25
20151205,387
20151206,393.26
20151207,395.28
20151208,409.2
20151209,417.44
20151210,416.18
20151211,451.34
20151212,436.01
20151213,436.29
20151214,441.98
20151215,463.64
20151216,453.63
20151217,455.5
20151218,462.5
20151219,460.9
20151220,442.26
20151221,436.61
20151222,434.88
20151223,443.77
20151224,456
20151225,456.09
20151226,419.76
20151227,425.01
20151228,421.28
20151229,432.59
20151230,428.2
20151231,430.12
20160101,435.43
20160102,435.74
20160103,432.51
20160104,433.42
20160105,432.67
20160106,432.44
20160107,458.49
20160108,454.06
20160109,451.07
20160110,449.14
20160111,449.33
20160112,446.57
20160113,432.68
20160114,429.69
20160115,373.43
20160116,386.57
20160117,381.01
20160118,383.14
20160119,375.96
20160120,413.88
20160121,408.97
20160122,383.01
20160123,389.52
20160124,403.45
20160125,392.91
20160126,389.21
20160127,394.93
20160128,379.96
20160129,379.39
20160130,379.23
20160131,369.82
20160201,370.62
20160202,372.85
20160203,367
20160204,390.08
20160205,384.46
20160206,374.92
20160207,377.77
20160208,370.68
20160209,372.9
20160210,378.56
20160211,376.89
20160212,381.97
20160213,388.37
20160214,404.53
20160215,399.11
20160216,406.89
20160217,416.26
20160218,421.32
20160219,419.06
20160220,441.89
20160221,438.15
20160222,436.9
20160223,420.03
20160224,422.79
20160225,423.75
20160226,427.5
20160227,432.51
20160228,433.69
20160229,436.45
20160301,432.4
20160302,423.69
20160303,418.82
20160304,408.93
20160305,396.79
20160306,403.48
20160307,415.43
20160308,411.23
20160309,412.83
20160310,416.24
20160311,418.81
20160312,410.33
20160313,413.15
20160314,414.01
20160315,414.65
20160316,415.93
20160317,418.5
20160318,409.96
20160319,410.55
20160320,413.58
20160321,411.38
20160322,416.42
20160323,417.3
20160324,413.76
20160325,416.57
20160326,416.7
20160327,425.03
20160328,422.42
20160329,416.5
20160330,412.5
20160331,416.44
20160401,417.33
20160402,419.9
20160403,420.07
20160404,419.31
20160405,422.18
20160406,421.57
20160407,421.58
20160408,418.97
20160409,419.49
20160410,423.48
20160411,423.28
20160412,428.27
20160413,425.53
20160414,426.1
20160415,430.92
20160416,434.72
20160417,434.72
20160418,429.57
20160419,436.87
20160420,442.85
20160421,452.65
20160422,448.29
20160423,453.94
20160424,463.85
20160425,467.41
20160426,470.37
20160427,446.85
20160428,451.3
20160429,457.74
20160430,453.48
20160501,456.51
20160502,445.61
20160503,452.68
20160504,449.06
20160505,450.39
20160506,462.87
20160507,462.2
20160508,461.91
20160509,464.24
20160510,452.92
20160511,454.46
20160512,455.83
20160513,457.49
20160514,458.99
20160515,462.26
20160516,456.78
20160517,453.62
20160518,455.19
20160519,442.41
20160520,444.27
20160521,446.14
20160522,442.54
20160523,444.88
20160524,446.5
20160525,451.78
20160526,454.68
20160527,470.94
20160528,528.04
20160529,524.7
20160530,533
20160531,531.47
20160601,536.99
20160602,538.53
20160603,570
20160604,575.56
20160605,574.86
20160606,585.99
20160607,579.33
20160608,583.23
20160609,578.56
20160610,579.5
20160611,595.82
20160612,674.26
20160613,706
20160614,684.9
20160615,694.83
20160616,770.21
20160617,753
20160618,760.08
20160619,767.98
20160620,730.42
20160621,669.99
20160622,594.68
20160623,630.87
20160624,668.6
20160625,677.72
20160626,639.13
20160627,650.31
20160628,647.63
20160629,639.22
20160630,672.45
20160701,680.61
20160702,701.23
20160703,669
20160704,679
20160705,668.45
20160706,678
20160707,640.3
20160708,666.5
20160709,658.78
20160710,652.54
20160711,651.7
20160712,674.02
20160713,662.57
20160714,661.41
20160715,668.28
20160716,666.45
20160717,679.08
20160718,675.4
20160719,673.89
20160720,667.94
20160721,667.73
20160722,653.69
20160723,658.19
20160724,660.27
20160725,657.39
20160726,657.73
20160727,657.04
20160728,656.67
20160729,657.27
20160730,656.32
20160731,623.14
20160801,603.97
20160802,515.38
20160803,576
20160804,585
20160805,582.98
20160806,590.98
20160807,593.9
20160808,591.91
20160809,588.13
20160810,593.24
20160811,589.22
20160812,587.82
20160813,586
20160814,572.43
20160815,568.09
20160816,581.97
20160817,573.83
20160818,573.99
20160819,574.49
20160820,583.21
20160821,580.65
20160822,585.12
20160823,582.58
20160824,578.92
20160825,576.16
20160826,578.89
20160827,570.42
20160828,574.83
20160829,573
20160830,574.79
20160831,571.59
20160901,571.96
20160902,575.38
20160903,600.58
20160904,611.82
20160905,606.19
20160906,612.37
20160907,614.59
20160908,628.77
20160909,622.6
20160910,625.1
20160911,607.25
20160912,607.48
20160913,608.24
20160914,608.95
20160915,607.01
20160916,607.75
20160917,607.83
20160918,610.99
20160919,608.94
20160920,608.98
20160921,596.95
20160922,595.25
20160923,602.68
20160924,603.69
20160925,601.35
20160926,606.82
20160927,605.3
20160928,604.98
20160929,605.07
20160930,607.65
20161001,616
20161002,612.41
20161003,612.95
20161004,609.25
20161005,613.35
20161006,611.83
20161007,617.32
20161008,619.59
20161009,617.58
20161010,618.31
20161011,643.83
20161012,636.92
20161013,635.86
20161014,638
20161015,637.51
20161016,642.53
20161017,638.96
20161018,634.97
20161019,629.68
20161020,627.83
20161021,629.76
20161022,655
20161023,650.54
20161024,649.75
20161025,649.07
20161026,674
20161027,685.57
20161028,689.65
20161029,717.9
20161030,697.65
20161031,699.68
20161101,731.16
20161102,735.5
20161103,688.93
20161104,705.7
20161105,706.9
20161106,716.83
20161107,706.82
20161108,712.57
20161109,721
20161110,712.28
20161111,714.77
20161112,704.67
20161113,703.98
20161114,705.52
20161115,712.41
20161116,737.55
20161117,736.57
20161118,747.8
20161119,750.38
20161120,731
20161121,735.81
20161122,747
20161123,741.76
20161124,737.99
20161125,739
20161126,735.83
20161127,729.01
20161128,730.27
20161129,731.8
20161130,742.6
20161201,753.57
20161202,771.54
20161203,766.52
20161204,766.96
20161205,753.36
20161206,755.73
20161207,766.07
20161208,768.35
20161209,771.77
20161210,775.98
20161211,770.9
20161212,778.71
20161213,779.79
20161214,777.72
20161215,775
20161216,785
20161217,790.07
20161218,790
20161219,789.91
20161220,797.99
20161221,828.58
20161222,858.01
20161223,915.5
20161224,887
20161225,896.73
20161226,901.98
20161227,921.59
20161228,981.92
20161229,976.75
20161230,962.63
20161231,970.47
20170101,996.82
20170102,1019.01
20170103,1035.19
20170104,1133
20170105,995.05
20170106,894.93
20170107,903.7
20170108,916.6
20170109,905.41
20170110,907.53
20170111,801.5
20170112,822.64
20170113,830.79
20170114,829.62
20170115,830
20170116,831.89
20170117,907.58
20170118,880
20170119,901
20170120,894.05
20170121,925.36
20170122,924.98
20170123,924.24
20170124,894.86
20170125,896.81
20170126,917.93
20170127,923.4
20170128,924.7
20170129,917.31
20170130,923.45
20170131,970.92
20170201,989.71
20170202,1007.66
20170203,1016.77
20170204,1035.84
20170205,1019.31
20170206,1024.39
20170207,1053.97
20170208,1059.14
20170209,985
20170210,1003.97
20170211,1018.43
20170212,1010
20170213,1002.56
20170214,1012.23
20170215,1014.53
20170216,1038.94
20170217,1057.3
20170218,1062.15
20170219,1059.88
20170220,1089.86
20170221,1128.29
20170222,1128.71
20170223,1186.9
20170224,1186.91
20170225,1158
20170226,1184.91
20170227,1195.81
20170228,1195.08
20170301,1230
20170302,1269.17
20170303,1292.86
20170304,1273.97
20170305,1278.98
20170306,1284.99
20170307,1237.36
20170308,1150.22
20170309,1197.3
20170310,1109.01
20170311,1188.11
20170312,1235.58
20170313,1245.5
20170314,1247.42
20170315,1263
20170316,1175.11
20170317,1069.57
20170318,970
20170319,1019.49
20170320,1044.96
20170321,1114.42
20170322,1034.57
20170323,1025.14
20170324,934.87
20170325,963.72
20170326,973.08
20170327,1042.08
20170328,1045.4
20170329,1043.27
20170330,1042.08
20170331,1088.99
20170401,1092
20170402,1113.99
20170403,1152.6
20170404,1143.99
20170405,1132.99
20170406,1192.3
20170407,1194
20170408,1184.5
20170409,1210.97
20170410,1210
20170411,1223.99
20170412,1214.17
20170413,1177.05
20170414,1173.74
20170415,1178.85
20170416,1177.99
20170417,1189.91
20170418,1201.94
20170419,1214.21
20170420,1236.15
20170421,1249.99
20170422,1247
20170423,1251.98
20170424,1257.29
20170425,1281.16
20170426,1298.44
20170427,1349.26
20170428,1353.34
20170429,1365.43
20170430,1384.55
20170501,1436.5
20170502,1471.99
20170503,1533
20170504,1563.39
20170505,1551.3
20170506,1585.39
20170507,1609.57
20170508,1713
20170509,1720.43
20170510,1794.99
20170511,1837.93
20170512,1695.61
20170513,1792.73
20170514,1799.99
20170515,1747.81
20170516,1777.48
20170517,1813.23
20170518,1899.16
20170519,1976.23
20170520,2058.91
20170521,2057
20170522,2123.29
20170523,2272.75
20170524,2432.97
20170525,2355
20170526,2272.7
20170527,2099.99
20170528,2232.78
20170529,2279.48
20170530,2191.58
20170531,2303.29
20170601,2419.99
20170602,2478.99
20170603,2548.05
20170604,2521.36
20170605,2698
20170606,2871.29
20170607,2685.64
20170608,2799.73
20170609,2811.39
20170610,2932.44
20170611,2998.98
20170612,2655.71
20170613,2709.01
20170614,2432.21
20170615,2409.98
20170616,2480.43
20170617,2634.94
20170618,2515.25
20170619,2596.98
20170620,2725.08
20170621,2643.35
20170622,2679.99
20170623,2690.76
20170624,2574.84
20170625,2505.61
20170626,2407.91
20170627,2575.75
20170628,2553.25
20170629,2530
20170630,2455.19
20170701,2423.63
20170702,2516.66
20170703,2542.41
20170704,2602
20170705,2616.96
20170706,2604.84
20170707,2501.15
20170708,2561.11
20170709,2508.99
20170710,2331.05
20170711,2310.01
20170712,2383.42
20170713,2340
20170714,2217.24
20170715,1964.31
20170716,1910.86
20170717,2235.19
20170718,2308.15
20170719,2258.99
20170720,2873.48
20170721,2657.45
20170722,2825.27
20170723,2754.28
20170724,2762.26
20170725,2564
20170726,2525.99
20170727,2664.99
20170728,2786.07
20170729,2700.21
20170730,2723.99
20170731,2856.88
20170801,2732.59
20170802,2699.9
20170803,2787.02
20170804,2857.34
20170805,3243.49
20170806,3222.22
20170807,3398.23
20170808,3422.43
20170809,3342.8
20170810,3444.98
20170811,3656.15
20170812,3874
20170813,4060.47
20170814,4320.6
20170815,4159.93
20170816,4370.01
20170817,4280.01
20170818,4101.72
20170819,4157.41
20170820,4050.99
20170821,4002
20170822,4092
20170823,4143.49
20170824,4312.03
20170825,4360
20170826,4344.32
20170827,4340.11
20170828,4384.99
20170829,4599
20170830,4581.98
20170831,4743.94
20170901,4947.99
20170902,4649.99
20170903,4626.05
20170904,4498.25
20170905,4432.51
20170906,4616.18
20170907,4624.18
20170908,4350
20170909,4334.36
20170910,4251.36
20170911,4210.72
20170912,4164.52
20170913,3855.32
20170914,3250.4
20170915,3740.02
20170916,3726.51
20170917,3719.97
20170918,4100
20170919,3910.11
20170920,3867.05
20170921,3617.47
20170922,3619.01
20170923,3787.33
20170924,3669.01
20170925,3919.78
20170926,3885.09
20170927,4200
20170928,4189.42
20170929,4156.99
20170930,4339
20171001,4394.81
20171002,4392.71
20171003,4307.99
20171004,4214.84
20171005,4320.04
20171006,4362.99
20171007,4425
20171008,4603.49
20171009,4769.55
20171010,4750
20171011,4814.99
20171012,5440
20171013,5624.8
20171014,5819.13
20171015,5693.7
20171016,5754.9
20171017,5594
20171018,5574.44
20171019,5704.01
20171020,5989.1
20171021,6024.86
20171022,6005.05
20171023,5905.99
20171024,5525.43
20171025,5739.97
20171026,5891.61
20171027,5780
20171028,5752.01
20171029,6140.01
20171030,6124.16
20171031,6445.01
20171101,6783.69
20171102,7039.99
20171103,7170.01
20171104,7412.55
20171105,7392
20171106,6969.76
20171107,7126.63
20171108,7467.96
20171109,7156
20171110,6577.63
20171111,6346.7
20171112,5886.35
20171113,6535.87
20171114,6605
20171115,7294
20171116,7838.53
20171117,7714.71
20171118,7777.01
20171119,8031.82
20171120,8256.01
20171121,8109
20171122,8250
20171123,8031.16
20171124,8215.01
20171125,8795.5
20171126,9401.11
20171127,9768.71
20171128,9949
20171129,9935.98
20171130,9903
20171201,10869.84
20171202,10930.23
20171203,11290
20171204,11643.98
20171205,11718.35
20171206,14090
20171207,17390.01
20171208,16367.03
20171209,15309.98
20171210,15290.01
20171211,16885.75
20171212,17730.12
20171213,16689.61
20171214,16749.79
20171215,17738.67
20171216,19650
20171217,19378.99
20171218,19039
20171219,17838.73
20171220,16496.9
20171221,15758.8
20171222,14210.57
20171223,15065.51
20171224,14221.94
20171225,14171.98
20171226,15790.88
20171227,15367.08
20171228,14450.01
20171229,14565.05
20171230,12839.99
20171231,13863.13
20180101,13480.01
20180102,14781.51
20180103,15098.14
20180104,15144.99
20180105,16960.01
20180106,17099
20180107,16174.22
20180108,14993.74
20180109,14480.99
20180110,14875.18
20180111,13308.06
20180112,13820
20180113,14187.95
20180114,13656.23
20180115,13590
20180116,11570.01
20180117,11200.01
20180118,11305.53
20180119,11498.99
20180120,12762.8
20180121,11518.16
20180122,10766.7
20180123,10824.94
20180124,11356.79
20180125,11118
20180126,11086.89
20180127,11319
20180128,11536
20180129,11123.01
20180130,9995
20180131,10099.99
20180201,9010.61
20180202,8787.52
20180203,9240
20180204,8167.9
20180205,6905.19
20180206,7688.46
20180207,7575.75
20180208,8218.1
20180209,8671.01
20180210,8547.49
20180211,8072.99
20180212,8872.28
20180213,8520.01
20180214,9472.98
20180215,10031.23
20180216,10167.49
20180217,11121.5
20180218,10380.04
20180219,11140
20180220,11235.57
20180221,10454.27
20180222,9830
20180223,10144.99
20180224,9688.62
20180225,9597.99
20180226,10300
20180227,10566.57
20180228,10307.27
20180301,10895.92
20180302,11000
20180303,11432.5
20180304,11469.9
20180305,11377.54
20180306,10700
20180307,9925
20180308,9304.89
20180309,9255
20180310,8795.44
20180311,9533.88
20180312,9120
20180313,9145.41
20180314,8207.02
20180315,8259.99
20180316,8275
20180317,7857.6
20180318,8192
20180319,8589.01
20180320,8900
20180321,8891.81
20180322,8715.09
20180323,8927.1
20180324,8531.34
20180325,8453
20180326,8145
20180327,7793.61
20180328,7942.72
20180329,7079.99
20180330,6848.01
20180331,6928.5
20180401,6816.01
20180402,7045.01
20180403,7424.9
20180404,6791.68
20180405,6785.85
20180406,6619.01
20180407,6894.01
20180408,7020.01
20180409,6771.13
20180410,6824.99
20180411,6942.99
20180412,7916
20180413,7893.19
20180414,8003.11
20180415,8355.25
20180416,8048.93
20180417,7892.1
20180418,8152.05
20180419,8274
20180420,8866.27
20180421,8915.42
20180422,8795.01
20180423,8931.3
20180424,9648
20180425,8865.98
20180426,9272.11
20180427,8922.55
20180428,9329.99
20180429,9389.01
20180430,9243.83
20180501,9072.29
20180502,9190.48
20180503,9725.74
20180504,9685
20180505,9800
20180506,9600
20180507,9353
20180508,9177.81
20180509,9300.08
20180510,9010.51
20180511,8403.33
20180512,8475
20180513,8686.1
20180514,8670
20180515,8477.46
20180516,8344
20180517,8059
20180518,8238.51
20180519,8235.6
20180520,8516.86
20180521,8393.44
20180522,7987.7
20180523,7505
20180524,7584.15
20180525,7459.11
20180526,7337.95
20180527,7346.64
20180528,7107.94
20180529,7460
20180530,7380.01
20180531,7485
20180601,7514.32
20180602,7636.42
20180603,7706.37
20180604,7487.37
20180605,7612.51
20180606,7655
20180607,7684.93
20180608,7618.8
20180609,7496.4
20180610,6770.31
20180611,6881
20180612,6544.99
20180613,6302.32
20180614,6638.49
20180615,6391.22
20180616,6484.29
20180617,6447.16
20180618,6709.02
20180619,6736.41
20180620,6756.1
20180621,6719.01
20180622,6059.82
20180623,6178.29
20180624,6149.99
20180625,6246.01
20180626,6074.94
20180627,6132.17
20180628,5851.66
20180629,6202.36
20180630,6383.19
20180701,6349.5
20180702,6611.79
20180703,6502.62
20180704,6587.47
20180705,6532.95
20180706,6600
20180707,6753.28
20180708,6701.97
20180709,6664.01
20180710,6303.7
20180711,6390.04
20180712,6249.75
20180713,6216.29
20180714,6248.65
20180715,6348.73
20180716,6728.81
20180717,7315.01
20180718,7378.99
20180719,7470.01
20180720,7334.46
20180721,7408
20180722,7397.8
20180723,7720.09
20180724,8401.01
20180725,8157.15
20180726,7931.99
20180727,8184.21
20180728,8228.9
20180729,8216.34
20180730,8170.01
20180731,7727.27
20180801,7603.99
20180802,7533.92
20180803,7414.08
20180804,7005
20180805,7030.01
20180806,6938
20180807,6718.22
20180808,6282.5
20180809,6546.46
20180810,6146.01
20180811,6112.21
20180812,6112.21
20180813,6253.67
20180814,6195.01
20180815,6269.01
20180816,6315.9
20180817,6585.49
20180818,6396.64
20180819,6489.53
20180820,6258.74
20180821,6475.9
20180822,6359.99
20180823,6526.36
20180824,6690.88
20180825,6737.52
20180826,6709.98
20180827,6911.9
20180828,7071.01
20180829,7030.9
20180830,6983
20180831,7015.01
20180901,7191.08
20180902,7295
20180903,7256.98
20180904,7360
20180905,6687.96
20180906,6495
20180907,6395.01
20180908,6188
20180909,6235.01
20180910,6299.99
20180911,6282.53
20180912,6326
20180913,6485.99
20180914,6478.04
20180915,6518.68
20180916,6498
20180917,6250.7
20180918,6335.7
20180919,6386.94
20180920,6493.11
20180921,6750
20180922,6707.33
20180923,6696.99
20180924,6582.09
20180925,6436.89
20180926,6455.66
20180927,6680.01
20180928,6620.01
20180929,6582
20180930,6605
20181001,6572.83
20181002,6498.46
20181003,6466.03
20181004,6547.45
20181005,6593.94
20181006,6552.43
20181007,6570
20181008,6608.07
20181009,6589.48
20181010,6524.56
20181011,6154.69
20181012,6188.01
20181013,6196
20181014,6183.49
20181015,6436.98
20181016,6422.16
20181017,6443.7
20181018,6394.96
20181019,6382.98
20181020,6414
20181021,6415.88
20181022,6407.65
20181023,6395.14
20181024,6415.97
20181025,6395.58
20181026,6404.87
20181027,6409.12
20181028,6403.62
20181029,6266
20181030,6267.63
20181031,6304.18
20181101,6343.99
20181102,6349.8
20181103,6331.96
20181104,6423.28
20181105,6404
20181106,6448.5
20181107,6503.12
20181108,6406.25
20181109,6334.89
20181110,6347.42
20181111,6357.6
20181112,6327.86
20181113,6259.35
20181114,5605.46
20181115,5579.52
20181116,5512.24
20181117,5504.17
20181118,5560
20181119,4733.5
20181120,4349.23
20181121,4545.11
20181122,4263.66
20181123,4283.8
20181124,3774.99
20181125,3936.69
20181126,3731.32
20181127,3775
20181128,4225.03
20181129,4248
20181130,3975.48
20181201,4142.01
20181202,4103.19
20181203,3833.47
20181204,3901.84
20181205,3694.39
20181206,3433.26
20181207,3380.01
20181208,3401
20181209,3531.18
20181210,3410.15
20181211,3355.68
20181212,3430.24
20181213,3265
20181214,3195.71
20181215,3183
20181216,3195
20181217,3496.82
20181218,3667.77
20181219,3682.51
20181220,4075.34
20181221,3839.06
20181222,3980.46
20181223,3944.93
20181224,4034
20181225,3780
20181226,3809.88
20181227,3589.89
20181228,3888.06
20181229,3729.31
20181230,3829
20181231,3691.86
20190101,3826.09
20190102,3890.79
20190103,3787.57
20190104,3820.25
20190105,3798.62
20190106,4040.99
20190107,4006.01
20190108,3993.86
20190109,4004.12
20190110,3626.12
20190111,3635.69
20190112,3619.41
20190113,3514.24
20190114,3664.19
20190115,3580.76
20190116,3609.71
20190117,3640.65
20190118,3607.85
20190119,3682.65
20190120,3536.19
20190121,3531.76
20190122,3577.03
20190123,3553.01
20190124,3568.97
20190125,3562.18
20190126,3556.07
20190127,3531.01
20190128,3429.95
20190129,3397.42
20190130,3437.55
20190131,3411.49
20190201,3437.5
20190202,3468.43
20190203,3414.78
20190204,3409.57
20190205,3428.4
20190206,3367.36
20190207,3359
20190208,3622
20190209,3623.73
20190210,3648.85
20190211,3590.36
20190212,3588.06
20190213,3576.68
20190214,3561.5
20190215,3566.59
20190216,3582.37
20190217,3625.08
20190218,3867
20190219,3888.01
20190220,3938.99
20190221,3897.71
20190222,3942.02
20190223,4110
20190224,3734.22
20190225,3818.79
20190226,3799.48
20190227,3799.92
20190228,3792.14
20190301,3806.17
20190302,3809.7
20190303,3786.93
20190304,3700.72
20190305,3844.59
20190306,3851.89
20190307,3857.05
20190308,3843.12
20190309,3917
20190310,3900.92
20190311,3849.68
20190312,3860
20190313,3851.02
20190314,3853.95
20190315,3902.8
20190316,3990
20190317,3967.01
20190318,3970.5
20190319,3975.01
20190401,4137.01
20190402,4901.93
20190403,4975.97
20190404,4907.3
20190405,5040.66
20190406,5044.13
20190407,5194.79
20190408,5285.54
20190409,5193.49
20190410,5318.58
20190411,5040.12
20190412,5078.19
20190413,5066.22
20190414,5164.27
20190415,5029.99
20190416,5202.9
20190417,5227
20190418,5281.81
20190419,5290.37
20190420,5319.89
20190421,5297.64
20190422,5387.6
20190423,5532.75
20190424,5441.9
20190425,5134.81
20190426,5159.51
20190427,5170.6
20190428,5155
20190429,5148.25
20190430,5270.69
20190501,5321.15
20190502,5390.01
20190503,5657.4
20190504,5770.01
20190505,5715.86
20190506,5687.9
20190507,5907.47
20190508,5948.41
20190509,6153.09
20190510,6343.14
20190511,7219.95
20190512,6979.76
20190513,7824.93
20190514,7990.92
20190515,8203.32
20190516,7878.96
20190517,7363.69
20190518,7262.4
20190519,8200
20190520,7999.54
20190521,7951.7
20190522,7626.48
20190523,7881.98
20190524,8001.7
20190525,8063.81
20190526,8731.72
20190527,8772.29
20190528,8715.36
20190529,8662.44
20190530,8279.69
20190531,8554.06
20190601,8558.95
20190602,8736.55
20190603,8107.96
20190604,7670.96
20190605,7789.48
20190606,7805
20190607,7998.13
20190608,7930.14
20190609,7634.58
20190610,8015.69
20190611,7918.17
20190612,8176.02
20190613,8239.04
20190614,8697.46
20190615,8860.23
20190616,8975
20190617,9333.14
20190618,9078.48
20190619,9277.54
20190620,9531.21
20190621,10236.2
20190622,10666.86
20190623,10833.02
20190624,11032.32
20190625,11755.53
20190626,12927.44
20190627,11159.29
20190628,12360.45
20190629,11865.29
20190630,10761.26
20190701,10577.63
20190702,10829.18
20190703,11976.42
20190704,11136
20190705,11004.51
20190706,11237.77
20190707,11474.42
20190708,12293.53
20190709,12571.11
20190710,12097.96
20190711,11349
20190712,11802
20190713,11370.08
20190714,10185.03
20190715,10854.47
20190716,9422.72
20190717,9696.31
20190718,10649.07
20190719,10538.06
20190720,10761.03
20190721,10590.7
20190722,10323.39
20190723,9840.12
20190724,9772.6
20190725,9883.33
20190726,9843
20190727,9479.98
20190728,9533
20190729,9495.01
20190730,9589.01
20190731,10087.3
20190801,10405.94
20190802,10533.01
20190803,10820.76
20190804,10977.51
20190805,11819.49
20190806,11465.49
20190807,11975.03
20190808,11981
20190809,11856.1
20190810,11280.95
20190811,11540.76
20190812,11389.28
20190813,10854.92
20190814,10025.86
20190815,10300.01
20190816,10352.78
20190817,10217.79
20190818,10315.48
20190819,10920
20190820,10769.09
20190821,10130
20190822,10107.15
20190823,10410.85
20190824,10147.96
20190825,10138.72
20190826,10361.65
20190827,10171.85
20190828,9714.31
20190829,9495
20190830,9582.42
20190831,9600.86
20190901,9766.52
20190902,10381.26
20190903,10628.48
20190904,10581.84
20190905,10574.73
20190906,10308.92
20190907,10484.37
20190908,10398.97
20190909,10310
20190910,10093.01
20190911,10160.2
20190912,10423.72
20190913,10365.93
20190914,10360.25
20190915,10304.46
20190916,10262.54
20190917,10185.39
20190918,10155.26
20190919,10275.01
20190920,10168.85
20190921,9973.99
20190922,10026.8
20190923,9693.74
20190924,8530.01
20190925,8438.35
20190926,8060
20190927,8193.99
20190928,8217.47
20190929,8052.4
20190930,8304.96
20191001,8321.52
20191002,8381.72
20191003,8240.41
20191004,8156.67
20191005,8147.63
20191006,7859.79
20191007,8209
20191008,8180
20191009,8590
20191010,8587.5
20191011,8267.33
20191012,8309.03
20191013,8282.97
20191014,8355
20191015,8162.44
20191016,7993.54
20191017,8076.2
20191018,7954.16
20191019,7965.28
20191020,8236.12
20191021,8209.92
20191022,8024.72
20191023,7474.85
20191024,7430.87
20191025,8668
20191026,9259.78
20191027,9548.84
20191028,9226.5
20191029,9430.8
20191030,9164.44
20191031,9159.48
20191101,9253.12
20191102,9308.52
20191103,9206.52
20191104,9412.53
20191105,9322.09
20191106,9341.27
20191107,9198.84
20191108,8763.01
20191109,8807.89
20191110,9032.23
20191111,8721.54
20191112,8810
20191113,8758.34
20191114,8630
20191115,8457.48
20191116,8481
20191117,8500.01
20191118,8168.84
20191119,8123.36
20191120,8082.96
20191121,7616.46
20191122,7283.03
20191123,7329.29
20191124,6908.64
20191125,7127.01
20191126,7162.67
20191127,7523.72
20191128,7432.41
20191129,7760
20191130,7555.92
20191201,7404.27
20191202,7305.01
20191203,7302.94
20191204,7198.99
20191205,7393.54
20191206,7540.08
20191207,7502.19
20191208,7520
20191209,7337.51
20191210,7219.37
20191211,7201.23
20191212,7185.91
20191213,7249.9
20191214,7062.91
20191215,7111
20191216,6877.03
20191217,6616.62
20191218,7285.53
20191219,7149.12
20191220,7190
20191221,7143.01
20191222,7513.06
20191223,7310.79
20191224,7255.01
20191225,7192.12
20191226,7194.13
20191227,7245.83
20191228,7302.67
20191229,7384.89
20191230,7218
20191231,7165.72
20200101,7174.33
20200102,6945.02
20200103,7334.45
20200104,7348.63
20200105,7355.4
20200106,7764.63
20200107,8158.52
20200108,8045.51
20200109,7813.78
20200110,8198.09
20200111,8020
20200112,8180.81
20200113,8104.5
20200114,8815.69
20200115,8808.81
20200116,8714.76
20200117,8899.42
20200118,8909.32
20200119,8697.53
20200120,8628.89
20200121,8722.03
20200122,8660.38
20200123,8385.22
20200124,8427.26
20200125,8326.81
20200126,8595
20200127,8895.96
20200128,9394.5
20200129,9288.44
20200130,9503.08
20200131,9334.98
20200201,9380.18
20200202,9323.5
20200203,9280.49
20200204,9164.33
20200205,9613.82
20200206,9763.01
20200207,9808.05
20200208,9905.64
20200209,10168.35
20200210,9851.78
20200211,10270.01
20200212,10351.13
20200213,10236.49
20200214,10371.33
20200215,9911.22
20200216,9921
20200217,9700
20200218,10188.04
20200219,9600.08
20200220,9610.05
20200221,9695.66
20200222,9668.23
20200223,9965.01
20200224,9660
20200225,9305
20200226,8778.3
20200227,8812.49
20200228,8708.89
20200229,8525.07
20200301,8522.31
20200302,8915
20200303,8757.84
20200304,8760.66
20200305,9070.17
20200306,9158.51
20200307,8901.37
20200308,8037.76
20200309,7934.52
20200310,7894.68
20200311,7938.05
20200312,4857.1
20200313,5637.6
20200314,5165.25
20200315,5345.35
20200316,5037.61
20200317,5331.71
20200318,5413.64
20200319,6186.26
20200320,6206.1
20200321,6198.78
20200322,5818.25
20200323,6490.63
20200324,6766.64
20200325,6690.96
20200326,6758.18
20200327,6372.36
20200328,6251.82
20200329,5877.21
20200330,6406.4
20200331,6424.35
20200401,6666.11
20200402,6804.52
20200403,6741.99
20200404,6874.77
20200405,6778.25
20200406,7341.56
20200407,7200.01
20200408,7370.11
20200409,7323.96